Date,To win,To lose,Close
2013-09-19,100155.17171828207,99547.0117885497,
2013-09-20,101362.79719158051,98118.55016685491,
2013-09-23,102466.97431877247,97416.33995256202,
2013-09-24,103142.22131982149,97369.46588979644,
2013-09-25,103589.77513974029,97024.2151968329,
2013-09-26,103410.67557077715,96782.27939093419,
2013-09-27,103243.72038609121,96903.64648866531,
2013-09-30,103173.30341900997,97018.56830922942,
2013-10-01,103154.93251018057,97118.31107655443,
2013-10-02,102910.50088208207,97124.95822692694,
2013-10-03,102471.84275513612,97518.00323793884,
2013-10-04,102588.64937635098,97428.23173698082,
2013-10-07,102529.78849027828,96974.44822371652,
2013-10-08,102821.24750553556,95484.22956079635,
2013-10-09,103110.56576644038,95678.61433570448,
2013-10-10,104727.6338415473,94464.95338248258,
2013-10-11,104619.46992683869,93812.3055939967,
2013-10-14,104760.59844954664,93873.90788207608,
2013-10-15,104253.3262260704,93560.53839609184,
2013-10-16,103420.7298370512,93677.3273575442,
2013-10-17,104242.60126001178,92689.13210983653,
2013-10-18,104536.68073270084,92406.43011749689,
2013-10-21,104878.25481747478,92505.42510190788,
2013-10-22,105344.170799944,92417.71457717166,
2013-10-23,105714.77213253133,91364.11729998316,
2013-10-24,106754.20457722769,91483.38131680342,
2013-10-25,107116.14897802306,91615.14634428527,
2013-10-28,107402.5630850901,91773.7245957345,
2013-10-29,108905.78501370133,90812.37585261436,
2013-10-30,109885.3366715091,91482.41952162154,
2013-10-31,108728.10090971887,90969.91120795075,
2013-11-01,107731.47370450171,91027.01872256472,
2013-11-04,107885.92349161979,91350.7455274982,
2013-11-05,107961.57480311142,91490.1052890546,
2013-11-06,107816.15898222651,91392.95147346455,
2013-11-07,107354.8857060069,90911.65137359287,
2013-11-08,107504.88490693171,91413.83817620778,
2013-11-11,108088.67215707689,91132.40037965323,
2013-11-12,108064.81725364506,91514.5596989962,
2013-11-13,107257.78745845519,91042.76562523072,
2013-11-14,107422.55774509162,90891.22603315098,
2013-11-15,107416.52035069013,90731.87801791204,
2013-11-18,107777.05121590209,90488.24398649944,
2013-11-19,107969.81373069508,90598.27905832286,
2013-11-20,108658.92894105864,90482.3154863502,
2013-11-21,109398.47035758279,91130.22444979347,
2013-11-22,109851.30769164354,91037.53001581228,
2013-11-25,110010.87187891154,91354.14256179667,
2013-11-26,109990.26177373531,91651.277745159,
2013-11-27,110603.9674755549,92241.64710608832,
2013-11-29,110724.94996576915,92359.01791288945,
2013-12-02,111113.26818613951,92591.96924290856,
2013-12-03,111852.4253533259,94064.80007853659,
2013-12-04,111988.53172884435,94435.09073224191,
2013-12-05,112392.04810192919,94179.45655567752,
2013-12-06,113237.92733856742,93624.58786511674,
2013-12-09,113655.183357384,93703.95478409296,
2013-12-10,114032.77021711915,93637.18684873614,
2013-12-11,114454.25936524502,93808.32470421659,
2013-12-12,114491.83736231984,93565.86003473244,
2013-12-13,114290.27404606876,94105.6188351122,
2013-12-16,115354.45334236657,94310.39859327166,
2013-12-17,115030.18708887632,94484.80238922217,
2013-12-18,116616.1054265587,93500.6669085965,
2013-12-19,117802.12986418876,93388.8383835598,
2013-12-20,119101.44849136949,93399.89954844199,
2013-12-23,120010.22403357431,92889.55377192766,
2013-12-24,120209.32714464025,92822.2283792001,
2013-12-26,120502.0329859171,92657.590401741,
2013-12-27,120996.26508521679,92668.22177935141,
2013-12-30,121133.44142536882,92955.74732913324,
2013-12-31,121118.49177648225,92719.66358924973,
2014-01-02,121050.78284619866,92710.98045619446,
2014-01-03,120360.85386707724,92025.5808796434,
2014-01-06,120728.23944739655,91772.60436663442,
2014-01-07,120807.02236078991,91599.94100071517,
2014-01-08,121172.44494244462,91841.11894303872,
2014-01-09,120926.57465084334,92379.54969951273,
2014-01-10,120860.11836071877,92819.83465985765,
2014-01-13,121145.74110368546,92994.1488228396,
2014-01-14,121501.97001233365,92915.03419613666,
2014-01-15,122538.4422670239,93447.658935183,
2014-01-16,122171.34654214977,93935.45270661576,
2014-01-17,122325.44482453294,95121.75429632736,
2014-01-21,122476.37754682501,95331.97810037195,
2014-01-22,122588.78810953448,95529.04998024787,
2014-01-23,122131.94173659314,96169.62450707582,
2014-01-24,123469.7900463788,97854.58741396591,
2014-01-27,124921.91245859006,97402.58250206332,
2014-01-28,123567.0770547023,98192.69265819843,
2014-01-29,124342.43943909019,98225.00727694096,
2014-01-30,126870.40701473734,97768.11685333584,
2014-01-31,127977.21527941551,97698.11679504543,
2014-02-03,129059.78821005115,96570.82899056829,
2014-02-04,129482.73671830981,96358.12073932018,
2014-02-05,130500.2918473333,95495.79256793493,
2014-02-06,129593.04322413375,95372.49515577192,
2014-02-07,131535.8178859114,95131.81169045808,
2014-02-10,131125.74191851958,94317.31402080227,
2014-02-11,131491.12202033744,93886.27181989506,
2014-02-12,132012.7175112201,93824.18261519492,
2014-02-13,132419.12745423286,93625.01568625923,
2014-02-14,133054.69950574034,92920.85565935806,
2014-02-18,133537.0282135138,92215.23375599588,
2014-02-19,134954.26724913312,91346.73974419443,
2014-02-20,135309.22969832015,91779.88792672887,
2014-02-21,135422.5606787962,91899.81093802123,
2014-02-24,134703.36245287687,92062.83088847257,
2014-02-25,135327.72387497584,91717.02726813304,
2014-02-26,136245.09892923254,91372.03710354993,
2014-02-27,136685.5881160772,91276.54584595308,
2014-02-28,135258.45902020505,90591.67747656179,
2014-03-03,134678.58001026078,90267.41046534097,
2014-03-04,135217.99536959364,90559.82174697085,
2014-03-05,135904.16365695387,90072.95259612186,
2014-03-06,135320.2174636254,90539.29781157957,
2014-03-07,135634.28388383356,90388.96209262093,
2014-03-10,135888.27219995018,90232.71791970749,
2014-03-11,137193.4680409995,89113.21941857712,
2014-03-12,137275.93845675586,89119.1710707576,
2014-03-13,137898.36126380917,88718.22121939411,
2014-03-14,138067.42462980113,88298.05884352939,
2014-03-17,138789.1916015622,87363.78346394774,
2014-03-18,138727.59649111584,87021.0530462461,
2014-03-19,138671.2852313873,86995.43749614042,
2014-03-20,138838.96019369076,87066.89117212678,
2014-03-21,139801.3603603906,86583.83471346798,
2014-03-24,140046.4378581409,86275.53604368979,
2014-03-25,140795.28342182687,86386.50395794467,
2014-03-26,141630.9382770647,86347.03594270989,
2014-03-27,142111.0556300348,86554.30402881936,
2014-03-28,142453.85394316286,86486.7837961384,
2014-03-31,143199.23667135413,86781.68714722684,
2014-04-01,144026.852486066,87317.9548481448,
2014-04-02,145283.48212606244,87237.98092517396,
2014-04-03,145912.66115887047,87017.49706866154,
2014-04-04,145506.49993603182,87878.1959608286,
2014-04-07,147024.59981366788,87634.10593968959,
2014-04-08,147678.13952233607,86981.96570594507,
2014-04-09,146699.06953881375,85661.3997321139,
2014-04-10,146836.4645692422,84589.34921384665,
2014-04-11,144949.09551984165,83077.13234766258,
2014-04-14,144977.07921736882,82615.9950944268,
2014-04-15,144544.7392321504,82901.18298184665,
2014-04-16,144421.94994759318,82767.35361920863,
2014-04-17,144529.59206746076,82763.41402721641,
2014-04-21,144510.2617965929,82643.60964403082,
2014-04-22,144563.38093455645,82883.67805816766,
2014-04-23,144791.7811237237,82689.85910086472,
2014-04-24,145410.9062755422,82438.28257466928,
2014-04-25,147056.9182332384,83754.3483624161,
2014-04-28,147196.0171320687,83863.13226019483,
2014-04-29,147713.01780046028,83910.11662769297,
2014-04-30,148159.41272538074,83385.89991074617,
2014-05-01,147869.47960043626,83382.27682362148,
2014-05-02,147808.407218926,83375.25016898148,
2014-05-05,148468.615193669,82984.53576811307,
2014-05-06,147704.9423693342,82657.13591298132,
2014-05-07,148348.05541795422,82872.8037556682,
2014-05-08,148244.86852391844,83256.25918470182,
2014-05-09,148934.96152427216,83162.99081448972,
2014-05-12,148739.7400590586,83043.8217515718,
2014-05-13,149396.59876922253,82993.13908224867,
2014-05-14,149945.81153259552,82697.17302395366,
2014-05-15,149414.79007980938,82434.98010400566,
2014-05-16,149596.4700561732,82326.60691576003,
2014-05-19,150213.42525562664,82297.05691720618,
2014-05-20,152604.49101687936,81306.83976965316,
2014-05-21,153428.7046484389,80936.51225736103,
2014-05-22,153423.21612417893,81052.64820166267,
2014-05-23,153910.52036892652,80997.45435445632,
2014-05-27,154371.27967805386,80849.64638115413,
2014-05-28,154082.19262003704,80233.13978168672,
2014-05-29,153667.5180549993,80368.38178552409,
2014-05-30,154297.09168012973,80248.00452805024,
2014-06-02,153653.68442473435,80025.0354504958,
2014-06-03,154107.60298382735,80394.95841551309,
2014-06-04,155996.6459921006,80564.3710177124,
2014-06-05,156468.24045693505,80520.33913007873,
2014-06-06,157606.7033914953,80155.34810426872,
2014-06-09,157494.85169295862,80210.96293856247,
2014-06-10,157538.8304549239,80527.69711030782,
2014-06-11,157644.27440877407,80398.92042109175,
2014-06-12,159872.10787821157,79710.21233171741,
2014-06-13,159936.2683518655,79714.26096918031,
2014-06-16,160592.4405434869,80089.70033819812,
2014-06-17,161317.50379847537,79767.90019604235,
2014-06-18,161470.08209797408,79738.61946295787,
2014-06-19,161325.36301374226,79923.17777565226,
2014-06-20,162119.96047771323,79532.44028269255,
2014-06-23,163784.4408608327,79630.42449258617,
2014-06-24,163865.5309120962,79830.53275791505,
2014-06-25,163932.28620409398,80222.77278777356,
2014-06-26,163771.59296593216,80250.70028824008,
2014-06-27,163526.2397410936,80221.85608660354,
2014-06-30,163457.4558571522,80577.08649857517,
2014-07-01,163618.2105774618,79528.68809224192,
2014-07-02,163523.54682248743,79433.02774533955,
2014-07-03,163236.79855784719,78932.75094091769,
2014-07-07,163225.83800873518,78944.9187527723,
2014-07-08,163501.66063814508,78743.35792626225,
2014-07-09,164251.6097564894,78540.88418884111,
2014-07-10,164736.06424383452,78508.88999562181,
2014-07-11,165140.4623847452,78704.33927209575,
2014-07-14,164669.7287489208,77801.3772435402,
2014-07-15,164869.40923094298,77840.36529059644,
2014-07-16,165282.7831405792,77997.92648990799,
2014-07-17,164906.91523447805,78497.13098384051,
2014-07-18,164133.55889619543,78145.79089760865,
2014-07-21,163804.52747758047,78057.76188204606,
2014-07-22,163857.4000165044,78186.04045707089,
2014-07-23,163108.0981838559,78163.29691126471,
2014-07-24,161535.32390457153,77916.99067223925,
2014-07-25,162282.62011674518,78944.89136520198,
2014-07-28,162262.41684679675,78818.78635186816,
2014-07-29,162703.3524756637,78828.00393667385,
2014-07-30,163569.3912850172,78674.7035398365,
2014-07-31,166468.82400946273,77667.27886745647,
2014-08-01,167075.12599007488,77558.08999298108,
2014-08-04,166536.04879696938,77592.15840343016,
2014-08-05,167117.16309395508,77074.09023205457,
2014-08-06,168643.8167119369,76763.22820365897,
2014-08-07,169260.1150936271,76389.37076398614,
2014-08-08,170768.46556036378,75929.03555767487,
2014-08-11,170915.88511478162,75896.40585071302,
2014-08-12,171132.5338750982,75837.68536587906,
2014-08-13,171450.5060906246,75442.40234141515,
2014-08-14,171646.6868641447,75109.05542491317,
2014-08-15,171181.36341383477,75088.31515218002,
2014-08-18,171566.82345687316,73943.55150648394,
2014-08-19,171012.34182227767,73571.10603960713,
2014-08-20,171326.79770157527,73502.09571715625,
2014-08-21,171462.39615053657,73379.12711057409,
2014-08-22,172013.70498919886,72956.49097407273,
2014-08-25,172436.05660350696,72733.63719153874,
2014-08-26,172616.33134218113,72616.47043580514,
2014-08-27,173289.14185789414,72343.70011217614,
2014-08-28,173534.47587110288,71907.47108085264,
2014-08-29,173372.5757908813,71819.85752703155,
2014-09-02,174322.9647017343,72254.76578935605,
2014-09-03,174798.6885964013,72201.32612031812,
2014-09-04,174784.52525177764,71898.53954305378,
2014-09-05,175021.9360512949,71749.61128601938,
2014-09-08,176039.90567341802,70819.611048862,
2014-09-09,176873.1207544597,71152.78163051185,
2014-09-10,177425.6140772722,70707.93377543167,
2014-09-11,177548.92250155986,70277.66076555107,
2014-09-12,177958.827916215,69988.81736544303,
2014-09-15,178777.78129592934,69790.22259461832,
2014-09-16,178875.87133434962,69266.50065426737,
2014-09-17,178732.20842182593,68997.34418859675,
2014-09-18,179002.31334827948,69137.0533002686,
2014-09-19,178257.46804997206,69192.84783846437,
2014-09-22,178907.70044622838,69342.94495495004,
2014-09-23,179523.23151015054,69013.97543823997,
2014-09-24,179502.1323031358,69353.62866507993,
2014-09-25,180183.7811781211,69669.25180467655,
2014-09-26,178878.5029419011,69375.04549998592,
2014-09-29,183847.3059790324,68497.37521730614,
2014-09-30,185703.86864933796,67778.12601046517,
2014-10-01,185667.1792946126,67795.08079532166,
2014-10-02,186198.36942904047,67698.345985487,
2014-10-03,184375.97792845545,67376.03003871992,
2014-10-06,184562.350670321,67307.78994657738,
2014-10-07,184490.70442423495,67033.17129296044,
2014-10-08,183141.86336775805,66255.57175738068,
2014-10-09,182464.61662464438,66282.98018391841,
2014-10-10,184301.60654208285,65689.62869913412,
2014-10-13,183188.81384424,66193.54449170464,
2014-10-14,182104.95479633036,65895.82947630841,
2014-10-15,183443.169685932,65126.42279189019,
2014-10-16,184460.1817552984,64434.53659872629,
2014-10-17,184369.6503740897,63898.89484570014,
2014-10-20,184409.0351172472,63703.72041210727,
2014-10-21,183452.4965909401,64490.581005254746,
2014-10-22,183479.46056273914,63882.11519753534,
2014-10-23,181256.47024656858,63647.82945970849,
2014-10-24,183783.64061375233,63686.60651368237,
2014-10-27,183487.4985669463,63563.95481543018,
2014-10-28,187869.44546999547,62848.569778702054,
2014-10-29,189260.14779786422,62845.84843743138,
2014-10-30,189541.48421601712,62961.90164751053,
2014-10-31,188117.02757926326,62252.27032818485,
2014-11-03,186688.60851131106,62372.568367963584,
2014-11-04,186838.49162288292,62484.11946473715,
2014-11-05,186850.6395391126,62515.47428125853,
2014-11-06,188667.18968085444,62879.63839951492,
2014-11-07,189108.76748646802,63028.98971414263,
2014-11-10,189243.23268475803,62851.714076456796,
2014-11-11,189322.6734107538,62573.8222248427,
2014-11-12,189824.9673664947,62417.8882271638,
2014-11-13,190195.76870123396,62246.50425595879,
2014-11-14,190853.56449050628,62564.52157900758,
2014-11-17,189264.53334554163,62271.300676830746,
2014-11-18,186928.38302945497,61794.33678496416,
2014-11-19,186747.44931888487,61924.507347192,
2014-11-20,186776.76601629378,62354.201116874945,
2014-11-21,186592.71763667912,63120.97583630093,
2014-11-24,185646.41344171634,63207.058796856174,
2014-11-25,185506.64985905623,63484.23546117503,
2014-11-26,185014.51391197002,63531.4123491258,
2014-11-28,183628.1280183479,63278.355793626586,
2014-12-01,183552.81124345586,63202.30479988075,
2014-12-02,183473.20498802036,63150.223854267104,
2014-12-03,183628.83668075432,62861.33483889,
2014-12-04,183403.9990758369,63010.38496976712,
2014-12-05,182552.4635941948,62748.8134160191,
2014-12-08,184273.08395178747,63407.22644870782,
2014-12-09,184170.74258351536,63498.68311977455,
2014-12-10,185378.8893505692,63861.52021637504,
2014-12-11,185203.93380798242,64092.71652884431,
2014-12-12,183736.71630185453,64180.27349538172,
2014-12-15,187239.04238555135,63462.695131469045,
2014-12-16,185976.077528254,63016.59999137737,
2014-12-17,186697.58737253805,62749.0553886453,
2014-12-18,187731.0325627339,63072.500108089516,
2014-12-19,188817.710590092,62457.211948152435,
2014-12-22,187312.5855804255,62272.606150479805,
2014-12-23,186907.69143930555,62115.96393174094,
2014-12-24,186591.91344093325,62087.57052351535,
2014-12-26,185880.47031914402,62147.416887665284,
2014-12-29,184730.5349442371,61956.48537057318,
2014-12-30,184093.7501056473,62012.944052739535,
2014-12-31,184443.30655776756,61900.36343487559,
2015-01-02,185064.29376223928,62198.174451821076,
2015-01-05,187435.38551098492,61791.58434224886,
2015-01-06,188886.41100260022,61435.923546310194,
2015-01-07,190105.03048852127,61027.08488641911,
2015-01-08,190282.6055267364,60467.64899329815,
2015-01-09,190723.14670052542,60413.79578941312,
2015-01-12,191040.60159356377,60441.38485390861,
2015-01-13,190073.31976164939,60515.42751465439,
2015-01-14,191872.44181977544,60633.06492648008,
2015-01-15,190864.7729309621,60427.403038872195,
2015-01-16,191353.18272740257,60311.718817671084,
2015-01-20,191179.22035959453,60255.06237033383,
2015-01-21,190667.61865064298,60399.74903844937,
2015-01-22,190341.5114035077,60426.97553895473,
2015-01-23,191438.66597664845,60638.36248679887,
2015-01-26,189955.4132431345,60689.668033319555,
2015-01-27,189220.16868706525,61300.39562078783,
2015-01-28,191791.23108803862,61324.86455765394,
2015-01-29,192357.91506736676,60895.20272982871,
2015-01-30,191677.326395842,61009.94853201506,
2015-02-02,195204.56722900656,60584.328734272945,
2015-02-03,194064.35609290312,59456.908725153124,
2015-02-04,195164.38307641237,59592.935733164704,
2015-02-05,193978.56084182858,59649.98895929542,
2015-02-06,194153.35682486955,59634.53976450268,
2015-02-09,194585.25044503305,59513.849599483576,
2015-02-10,191795.6985330016,59513.557636354686,
2015-02-11,192032.8540749426,59794.90130586951,
2015-02-12,192282.9413400347,59227.37141479646,
2015-02-13,193690.03853780637,59490.29709073226,
2015-02-17,192534.22062070324,59450.02288067619,
2015-02-18,192865.40511523478,59464.64897563867,
2015-02-19,193293.0693938224,59368.689305563894,
2015-02-20,193593.02265137737,59759.81181470667,
2015-02-23,193381.78181436434,59962.29002856076,
2015-02-24,193261.63264529442,59961.67495031178,
2015-02-25,194229.22731433908,59866.53334061593,
2015-02-26,193376.28576955624,59972.192507446,
2015-02-27,193100.3001029445,60007.276885094616,
2015-03-02,195116.36396928766,60590.16314200255,
2015-03-03,196986.46498708933,60442.34014979121,
2015-03-04,197034.5891558014,60603.59803713806,
2015-03-05,197385.99721711606,60590.87004892739,
2015-03-06,197344.84408677404,60406.974539103976,
2015-03-09,197660.89129203482,60616.217069224636,
2015-03-10,199209.84373439025,61579.77502594386,
2015-03-11,199097.92516728176,61626.897969751895,
2015-03-12,201145.89980662154,61703.6661752116,
2015-03-13,200244.74423350504,61909.361838574856,
2015-03-16,199529.37961513214,61924.73931701913,
2015-03-17,200385.28990290634,62174.02167134283,
2015-03-18,200076.3079975493,61600.3345937369,
2015-03-19,200846.69452337775,61473.47638456352,
2015-03-20,201490.4253393408,61734.012956641556,
2015-03-23,201703.7692796038,61763.98761082043,
2015-03-24,202330.1433078744,61865.30160935728,
2015-03-25,203850.048427139,62727.40958117574,
2015-03-26,203826.97263327465,62740.88883619486,
2015-03-27,203897.27021338214,62838.67107470121,
2015-03-30,205730.16056868993,63195.46919749954,
2015-03-31,205734.19910923322,63128.68411598301,
2015-04-01,205305.1188997854,63252.58492815276,
2015-04-02,206631.75934807138,63364.274633315006,
2015-04-06,205747.84708777492,63565.3281698292,
2015-04-07,205997.60866026854,64035.241971908676,
2015-04-08,206438.37048506128,64506.63960687569,
2015-04-09,206617.56075251475,64562.90375291545,
2015-04-10,206979.08275193817,64945.2977442629,
2015-04-13,208199.01652888668,65266.133525120866,
2015-04-14,208730.2557086441,65342.01519629129,
2015-04-15,210186.92171640164,65008.86893969975,
2015-04-16,209035.17018855666,64871.88903958661,
2015-04-17,210296.51283614454,64213.04943547722,
2015-04-20,211731.96476889268,63955.403706316,
2015-04-21,210752.9435978186,64163.77607123857,
2015-04-22,209968.5792216619,64329.987969652895,
2015-04-23,211146.69996225406,64562.916920148535,
2015-04-24,210606.13157831837,64556.52601222687,
2015-04-27,209994.19018101727,64828.386206907344,
2015-04-28,210870.0411094735,64819.70929069388,
2015-04-29,211581.19907338655,64648.31728313982,
2015-04-30,211899.34644173534,63968.02237638592,
2015-05-01,211496.81616035322,64200.571601169904,
2015-05-04,211740.8795800506,64301.49764829908,
2015-05-05,213985.57651686785,64365.31724704348,
2015-05-06,214369.49299350032,64416.08833455995,
2015-05-07,214298.67014597947,63988.09520294311,
2015-05-08,214927.76784640134,64153.59321750497,
2015-05-11,214118.71228164883,64349.65331290827,
2015-05-12,213664.60181222254,64594.62750951554,
2015-05-13,213778.36274052624,64632.798363212656,
2015-05-14,215119.9428865768,64615.698755881676,
2015-05-15,213717.0935732011,64458.015380087876,
2015-05-18,212980.17587432347,64466.729905352564,
2015-05-19,213033.08179258017,64601.44062302782,
2015-05-20,214717.50608415448,64794.751997160514,
2015-05-21,213157.27746548798,64546.277543651115,
2015-05-22,213098.90631641226,64687.830051571786,
2015-05-26,213602.0897442532,65285.07823202225,
2015-05-27,214576.8525276028,64780.96029856315,
2015-05-28,214113.624846571,64757.77762565589,
2015-05-29,213925.9977346849,65236.2129183717,
2015-06-01,212259.13566813548,65358.017289692834,
2015-06-02,213058.3999966439,65381.37509112658,
2015-06-03,213435.6202463515,65469.1680127342,
2015-06-04,213553.43827575963,65715.76881713417,
2015-06-05,214159.05676062062,65587.4744017521,
2015-06-08,215137.73616313766,65808.08040053613,
2015-06-09,215384.8686343676,66031.70937997903,
2015-06-10,215148.53833153224,65184.315153742216,
2015-06-11,213274.88666397874,65139.7516344286,
2015-06-12,213888.15208214632,65234.21936909805,
2015-06-15,213767.67000095046,65236.30513022696,
2015-06-16,213518.67917273263,65239.706544675304,
2015-06-17,213731.0719090904,65421.79404676109,
2015-06-18,213279.05022558395,65576.93318180517,
2015-06-19,213322.45221317632,65582.66070433117,
2015-06-22,213190.39299286855,65710.50374464432,
2015-06-23,214416.61946095084,66032.27739786646,
2015-06-24,214539.7620028237,65552.56603559994,
2015-06-25,215576.61547498172,65760.43883386836,
2015-06-26,216446.90768362192,65799.00370268914,
2015-06-29,215411.74557300177,66846.26698493987,
2015-06-30,215551.68610590033,66865.42114706233,
2015-07-01,215039.88158217986,66446.07939218347,
2015-07-02,214061.91632337944,66395.80988911664,
2015-07-06,213769.01893933536,66544.01137449447,
2015-07-07,213619.22206655057,66461.53870252045,
2015-07-08,209480.3103661369,66557.02995410997,
2015-07-09,209439.99636958662,66591.23879389596,
2015-07-10,208412.07876115825,66912.49603904819,
2015-07-13,209435.02722455125,67635.16034588529,
2015-07-14,210412.42661248174,67512.85365835986,
2015-07-15,210406.67389630628,67553.02762203026,
2015-07-16,210364.92877942475,67757.72775175478,
2015-07-17,209528.45909547628,67556.32924221281,
2015-07-20,210713.83566057205,68476.71715011477,
2015-07-21,211190.15653222098,68448.265662745,
2015-07-22,211673.493944527,68001.85496948673,
2015-07-23,209084.83983502057,68733.43835064376,
2015-07-24,210274.38627286075,70703.78800821232,
2015-07-27,207996.1977358905,71313.62627276048,
2015-07-28,209991.83569613664,71993.81670759682,
2015-07-29,207751.6750246676,72384.65804933659,
2015-07-30,208149.16279374238,72441.79466849986,
2015-07-31,209328.41368118802,71912.84952073084,
2015-08-03,209040.9739573918,72396.25386371843,
2015-08-04,208846.40867677607,72649.97219445108,
2015-08-05,209608.58520054183,72736.49924621257,
2015-08-06,210293.2852106298,73863.56259840689,
2015-08-07,210084.64078025677,73960.46191789817,
2015-08-10,210869.0444542967,74511.87313094139,
2015-08-11,215497.84991979893,74565.46297438823,
2015-08-12,215734.15477668232,74605.3548371619,
2015-08-13,215697.66967616533,74221.69154005752,
2015-08-14,216206.39921832085,74052.33637184292,
2015-08-17,216739.31304722096,73713.7270050871,
2015-08-18,216801.19683303658,73636.76785301385,
2015-08-19,217104.770793374,73597.98833183602,
2015-08-20,218321.4105277185,73593.64622728966,
2015-08-21,224466.48925815616,73961.56334828613,
2015-08-24,226457.25848420174,75903.64661095843,
2015-08-25,224543.77929557534,75507.20885279168,
2015-08-26,224999.9568339947,75392.53722633343,
2015-08-27,220432.06990242985,76530.33652878745,
2015-08-28,219547.1344870668,76425.17947590379,
2015-08-31,220458.56156062172,77153.3567008361,
2015-09-01,223137.71501007344,75769.4351951754,
2015-09-02,225569.5917570983,76457.79595610406,
2015-09-03,225755.326616859,76347.09594183888,
2015-09-04,228446.7333670126,76854.68188925389,
2015-09-08,231680.1933844745,76837.86043298221,
2015-09-09,232743.66456227683,77336.15254604456,
2015-09-10,235342.56035509327,77177.82479417505,
2015-09-11,235113.85641884746,76970.32253144425,
2015-09-14,235111.74153778708,77269.7294890256,
2015-09-15,240849.5577466442,76090.02735956939,
2015-09-16,240872.35897270523,76251.22140496476,
2015-09-17,240662.84592447686,76708.02655882084,
2015-09-18,242754.96048455808,76115.6371551985,
2015-09-21,243663.6318348808,75553.58994689652,
2015-09-22,244920.6218678261,75192.37585744383,
2015-09-23,241891.70418103348,75377.24258529948,
2015-09-24,241968.593823599,76652.35474139247,
2015-09-25,243513.17274895788,76740.6562119654,
2015-09-28,241461.19909981973,75332.4874146419,
2015-09-29,242888.93534955743,74560.6414552657,
2015-09-30,247991.04431431778,72875.11437277061,
2015-10-01,249562.12896423918,72722.6657708433,
2015-10-02,254841.22201523726,72854.00711763024,
2015-10-05,256757.69283962838,72067.32925038399,
2015-10-06,255233.37218093296,72368.78547629407,
2015-10-07,256432.94931887375,72987.41470142985,
2015-10-08,258320.92034376203,73616.75683689132,
2015-10-09,259562.51202286535,73425.238808857,
2015-10-12,259354.78632816504,73283.4177338671,
2015-10-13,260421.20519546294,73038.85509057838,
2015-10-14,260453.6472125495,72986.50582970527,
2015-10-15,262844.96532434894,72904.73118990443,
2015-10-16,263284.5657142187,72983.32703736654,
2015-10-19,262648.01448440953,73668.67485933633,
2015-10-20,262212.9026387587,73151.40619871014,
2015-10-21,262180.1635490387,73433.45228204792,
2015-10-22,262961.04647231,73521.7224646355,
2015-10-23,262520.84657663404,73949.0448103538,
2015-10-26,262805.0299632414,73748.91179473203,
2015-10-27,270295.33164217666,72904.57947838232,
2015-10-28,271760.20527615515,72602.71427509683,
2015-10-29,275282.4029833953,72213.48117615856,
2015-10-30,274612.72111426527,72793.1316855412,
2015-11-02,272727.21738266194,72205.6262934098,
2015-11-03,272827.2168049022,71049.5531461346,
2015-11-04,273791.3957534555,71184.88961606463,
2015-11-05,272979.37525463075,71685.21777730896,
2015-11-06,272420.50863152836,71196.40789952701,
2015-11-09,270503.7488458324,71442.34481693734,
2015-11-10,270304.3139456307,71961.5141946654,
2015-11-11,270659.4496458719,71889.85564601366,
2015-11-12,270768.37468153547,71787.9736738453,
2015-11-13,269333.23193223646,71364.52732984093,
2015-11-16,272000.5862610536,70833.8831255857,
2015-11-17,271927.8352301249,70637.4538643629,
2015-11-18,273183.4025576999,70766.26998702467,
2015-11-19,271249.1161147635,71198.65016354986,
2015-11-20,272153.78817903524,71797.5527073895,
2015-11-23,273277.1073316136,72082.84770721661,
2015-11-24,273981.57669292856,72225.54495889375,
2015-11-25,273446.65538157866,72330.56458593141,
2015-11-27,273484.6020601377,72468.64114636356,
2015-11-30,272115.53076578915,73382.63293519616,
2015-12-01,271581.09697546007,73542.9308641138,
2015-12-02,268385.00073230645,74003.61823556812,
2015-12-03,271128.22631201404,74406.58930990894,
2015-12-04,270231.98249419295,73277.87201526616,
2015-12-07,269374.6357245028,73252.23691610419,
2015-12-08,270660.13130778924,73456.14823885271,
2015-12-09,270154.2281713862,72826.98340156002,
2015-12-10,271061.73959318857,72823.22063979553,
2015-12-11,274434.86054026126,73955.28582557474,
2015-12-14,274698.30804591964,74508.07360941304,
2015-12-15,277557.43543777126,74527.20916241521,
2015-12-16,273232.493800751,74424.95502921104,
2015-12-17,269095.1725178364,74741.66470951783,
2015-12-18,267801.8042419428,73560.94879877684,
2015-12-21,267535.32470974856,73558.85461541562,
2015-12-22,273871.62045644777,73637.29860038563,
2015-12-23,276179.7757666922,73091.12121014539,
2015-12-24,275995.49948480516,73387.54335208563,
2015-12-28,277403.21055465576,73451.76678576999,
2015-12-29,277069.7107396399,73320.32042596831,
2015-12-30,277796.97032104107,73610.000146877,
2015-12-31,277906.05602480494,72961.32166831239,
2016-01-04,279102.9055636884,72422.03654582752,
2016-01-05,281333.04900434706,72199.9072565935,
2016-01-06,288725.61434988776,72082.02519520107,
2016-01-07,293090.32390682545,71602.52444239648,
2016-01-08,295762.935331257,71328.3935261545,
2016-01-11,292510.3779744239,70598.82935622556,
2016-01-12,293861.79783127265,70456.81304883676,
2016-01-13,302097.8873074942,70184.57835865662,
2016-01-14,301752.7807003405,69853.9576351174,
2016-01-15,299516.40937582904,71243.39250113284,
2016-01-18,299516.40937582904,71243.39250113284,
2016-01-19,299002.0802050006,70937.80723909596,
2016-01-20,299642.19073105976,70600.41595810434,
2016-01-21,298126.6298804872,70088.8893119608,
2016-01-22,296522.87517137313,69855.1108682018,
2016-01-25,300038.2416343747,70853.31235641985,
2016-01-26,295298.34863178,71074.12762407366,
2016-01-27,287996.5524486817,71484.71601635107,
2016-01-28,287187.43996087153,69562.28925728974,
2016-01-29,281836.8827681994,67433.79734691889,
2016-02-01,281550.6313614109,67237.67420584311,
2016-02-02,282686.96554302535,66900.19817109687,
2016-02-03,286303.0381393872,68084.03031587822,
2016-02-04,289527.0987976975,68816.673798922,
2016-02-05,290855.82626239804,69745.11482336982,
2016-02-08,291378.99958865246,71236.86363105827,
2016-02-09,297411.70863214595,70916.73695757569,
2016-02-10,297337.96329326206,69853.02290234085,
2016-02-11,295065.90587897704,68643.43337675973,
2016-02-12,295855.81765081786,67960.5551372915,
2016-02-16,290582.0690281774,68687.4243786333,
2016-02-17,282270.4309790465,68113.98808109474,
2016-02-18,281720.84684920526,68241.71279727644,
2016-02-19,282942.41103783075,68172.68520681967,
2016-02-22,273856.0808718898,68539.51403092829,
2016-02-23,275554.85521938256,67594.23247819097,
2016-02-24,272594.91719615273,67499.1827820571,
2016-02-25,268928.4486719966,66949.66939030205,
2016-02-26,268845.0735771966,66638.70444291852,
2016-02-29,267924.25589584134,66732.71281855568,
2016-03-01,260222.29752354592,65524.741889516896,
2016-03-02,259660.33438483064,65475.217641875875,
2016-03-03,259651.75100123123,66021.86616317138,
2016-03-04,259858.03655833408,65650.31110001128,
2016-03-07,261098.85025549645,65432.779276967995,
2016-03-08,263361.3504966055,65022.086158176,
2016-03-09,262308.42741140357,65075.94260891043,
2016-03-10,263468.6785233026,64916.98252363229,
2016-03-11,262031.84027926263,64661.34543880781,
2016-03-14,261640.36169483355,64649.08368260668,
2016-03-15,261697.91392546144,64611.52579830228,
2016-03-16,261128.61078267125,64777.64544562097,
2016-03-17,261397.85178413737,64365.315754772375,
2016-03-18,259713.91661502788,64315.98834230791,
2016-03-21,259404.79927996476,64578.79610476502,
2016-03-22,259851.37991741224,64388.39082486504,
2016-03-23,256013.08654612233,64129.202207678536,
2016-03-24,256754.8429306933,63988.24649216362,
2016-03-28,256274.93374262901,63968.68531717715,
2016-03-29,256544.71476138144,63662.45813856156,
2016-03-30,256299.13227040807,63631.59044175895,
2016-03-31,258907.884888977,63555.83326649669,
2016-04-01,265297.8233431063,63195.92846430215,
2016-04-04,264353.1489944394,63156.98354285105,
2016-04-05,265163.1366047811,64196.48294291471,
2016-04-06,265564.5071324936,63768.81854420374,
2016-04-07,270205.0073531711,63368.04409042542,
2016-04-08,270274.63521893794,63320.165847604025,
2016-04-11,269436.1001659039,63665.03922865367,
2016-04-12,269110.94501333765,63033.15248564997,
2016-04-13,272055.0578667532,62264.98317575602,
2016-04-14,271304.6989427004,62253.50937943409,
2016-04-15,272912.315478912,62278.158706076065,
2016-04-18,267643.4060879034,61898.813252644184,
2016-04-19,269487.78067064483,62067.94936311654,
2016-04-20,270630.6947102122,62165.86036006082,
2016-04-21,271163.01828118734,61965.03936010963,
2016-04-22,270310.5046053793,61548.644154305315,
2016-04-25,270634.43020421645,60981.7977864918,
2016-04-26,272699.8169090367,60514.40315817008,
2016-04-27,271805.42296030937,60779.073547200926,
2016-04-28,266372.44393260893,61184.91968831868,
2016-04-29,266387.14724371396,60946.97685558852,
2016-05-02,267116.22045722464,61410.0814201602,
2016-05-03,264465.04204782087,61562.69167113163,
2016-05-04,262630.158826836,61610.2517818617,
2016-05-05,261942.15806090643,61336.13158897467,
2016-05-06,260763.095278771,60594.614362574706,
2016-05-09,261958.43860819057,59296.00742268185,
2016-05-10,262128.220799655,59111.81178474726,
2016-05-11,263869.9462340957,59198.713711134405,
2016-05-12,263002.4220250603,59202.809812846834,
2016-05-13,264082.4012143711,59340.0742234858,
2016-05-16,264364.78147689754,59246.396411194,
2016-05-17,265782.83952489163,59374.420957712835,
2016-05-18,266089.8154497695,59361.07410151229,
2016-05-19,264869.1930922185,59311.81122151353,
2016-05-20,264349.4165141925,59178.097223893135,
2016-05-23,264646.06701000634,58880.64712774504,
2016-05-24,266206.33101037703,59538.267556455394,
2016-05-25,263295.5478185896,59223.77188068747,
2016-05-26,262618.76596836915,59055.172667354505,
2016-05-27,262443.45692200784,59013.42891614831,
2016-05-31,262333.7057640286,59344.95536985655,
2016-06-01,266471.2835801885,59207.01703468334,
2016-06-02,266744.22853122465,59104.90612355062,
2016-06-03,266301.29324513295,58707.46802909791,
2016-06-06,266082.1944231099,58542.97564823281,
2016-06-07,268149.2455421017,58595.64238906536,
2016-06-08,267865.2488265898,58982.88200465878,
2016-06-09,269658.27142075927,58982.88200465878,
2016-06-10,268433.9281826034,58754.24911630157,
2016-06-13,267128.7183478075,58369.9753067783,
2016-06-14,264870.4433686001,58438.484101132286,
2016-06-15,264874.19120561844,58666.813881689915,
2016-06-16,264178.09979453636,58595.5520535853,
2016-06-17,265348.5521712968,58933.829227328955,
2016-06-20,265336.8487259955,58703.3423978151,
2016-06-21,262928.9428472168,58624.940354958046,
2016-06-22,263092.6062030704,58244.838230995694,
2016-06-23,262952.7357135732,58357.195158668794,
2016-06-24,274101.88722112525,57193.088239212746,
2016-06-27,274886.96753034694,57553.07559262547,
2016-06-28,272778.617471698,57333.90432805419,
2016-06-29,272502.74997019605,56599.656946346135,
2016-06-30,272644.76901786646,55501.2277432311,
2016-07-01,274358.7217144968,55838.92469706781,
2016-07-05,272226.2714635923,55665.84181604403,
2016-07-06,273553.25561166456,55532.4507696797,
2016-07-07,273545.9966651954,55389.373664550105,
2016-07-08,280300.91702816216,54816.64613610374,
2016-07-11,283627.1182489123,54912.120911617276,
2016-07-12,287665.80991998414,55282.896328863375,
2016-07-13,287387.23474336416,55263.31325365093,
2016-07-14,286021.4218019517,54945.06735339816,
2016-07-15,286016.26834368974,55039.36974727177,
2016-07-18,287473.9398703521,55015.953945644054,
2016-07-19,286291.68486675527,55045.83615899879,
2016-07-20,286766.6041145084,55140.873657821445,
2016-07-21,283210.4185441241,54937.94917976999,
2016-07-22,283371.16943358106,54813.15909035558,
2016-07-25,283690.3714137908,55162.81265924862,
2016-07-26,282081.2357113875,55024.23837284469,
2016-07-27,283326.32553095033,54666.38348711347,
2016-07-28,279987.02560051077,55118.59562912838,
2016-07-29,277562.5521570077,54691.62397519114,
2016-08-01,277222.8398791099,54647.3538174504,
2016-08-02,273609.4883989559,54132.02459655021,
2016-08-03,273595.90884867305,54101.69695962823,
2016-08-04,272887.3372864117,53858.59586500566,
2016-08-05,272742.50711409375,53521.68512741373,
2016-08-08,272864.08314923564,53455.783148598304,
2016-08-09,273769.09640427446,53350.1471148843,
2016-08-10,274235.29743734276,53339.482185032044,
2016-08-11,272136.0503337569,53452.04524499652,
2016-08-12,272207.2627236806,53320.75470877691,
2016-08-15,270909.29285239644,53436.72501754322,
2016-08-16,269540.6052726052,53432.85617076427,
2016-08-17,269304.49031035905,53379.87646019487,
2016-08-18,268530.417889411,53559.96677162928,
2016-08-19,268670.5525922846,53633.261619455756,
2016-08-22,269189.6953717093,53562.46545403838,
2016-08-23,268994.17849316885,53400.295877075725,
2016-08-24,270477.44431784865,53266.20998179293,
2016-08-25,270408.6368623741,53108.113125775555,
2016-08-26,269205.9358170429,53061.32393149148,
2016-08-29,268168.6733516452,52901.75939684284,
2016-08-30,268580.3853198482,52851.810245704306,
2016-08-31,269204.12351646303,52770.931962136194,
2016-09-01,271437.7166754587,52614.2667243526,
2016-09-02,271311.67733397515,52646.91085582003,
2016-09-06,273639.1435268568,52521.52609504071,
2016-09-07,273260.28668727906,52487.453594821505,
2016-09-08,273400.02393782535,52655.818314470125,
2016-09-09,277597.65791519196,51392.09979654057,
2016-09-12,272035.39172718115,50626.76275083302,
2016-09-13,267146.12000387075,50743.335554114885,
2016-09-14,268875.47870839544,50901.63124892415,
2016-09-15,269418.6976705125,50466.57344343106,
2016-09-16,269869.0229468001,50447.66061128932,
2016-09-19,269862.13315323705,50316.29676736226,
2016-09-20,270776.60417637206,50519.60128599336,
2016-09-21,273016.63404725445,50404.70995616068,
2016-09-22,275175.94482384634,50267.89496526661,
2016-09-23,275468.84534865315,50683.71293222929,
2016-09-26,273846.55837489036,50880.12470974328,
2016-09-27,274138.9677678557,51054.65105841447,
2016-09-28,274631.43016186415,51552.53649256182,
2016-09-29,272281.9614677137,51480.4410476164,
2016-09-30,274586.5819030701,51669.12577329204,
2016-10-03,275052.8415385179,51513.34489306829,
2016-10-04,273462.34854929347,51666.96751637039,
2016-10-05,276438.91991160205,52335.149654298075,
2016-10-06,275165.517318923,52408.798869212624,
2016-10-07,274090.7471352836,52761.232733217395,
2016-10-10,275675.15404426237,52651.12773011618,
2016-10-11,278334.1172337937,52511.7901937951,
2016-10-12,278233.37899031525,52744.64762954982,
2016-10-13,278245.2516690005,52647.5710216609,
2016-10-14,277714.72283506684,52796.076428603184,
2016-10-17,277097.11029582995,52577.31150272348,
2016-10-18,276830.78587461566,52712.26853196579,
2016-10-19,275497.67224310734,52678.83953850127,
2016-10-20,276611.8280485681,52737.39553008755,
2016-10-21,276201.0574201533,52744.25818002247,
2016-10-24,271561.50568755006,52622.7556963438,
2016-10-25,275916.3641566142,53196.8308115665,
2016-10-26,276006.8121399351,53369.956958562325,
2016-10-27,274422.66225971637,53257.41175361243,
2016-10-28,275215.0130711857,53134.95884208147,
2016-10-31,274654.86260286137,53342.103709558854,
2016-11-01,275220.39364625706,53137.05109051785,
2016-11-02,272027.4490377853,52726.243527012266,
2016-11-03,271945.55584190815,52729.010030932535,
2016-11-04,271130.0707372145,52523.742691405125,
2016-11-07,268585.3738052638,51941.22121579273,
2016-11-08,269175.30537579814,51575.01311679115,
2016-11-09,272270.5084985256,52754.763288746435,
2016-11-10,271532.68849075737,52945.038305110094,
2016-11-11,270555.06050616293,52880.267799652196,
2016-11-14,273123.13470331876,51634.555983818034,
2016-11-15,274258.6548181587,51797.197067104265,
2016-11-16,275534.23288124683,51446.68418677774,
2016-11-17,275888.574399707,51115.17445131729,
2016-11-18,275307.4941639609,50848.75159335813,
2016-11-21,275705.72760533367,50874.0401287264,
2016-11-22,275565.94492337137,50750.953802540374,
2016-11-23,276517.2463910783,50510.987187115126,
2016-11-25,275530.4818712954,50402.039581179684,
2016-11-28,276716.42274386843,50423.90763603449,
2016-11-29,278217.59689209063,50397.8740296059,
2016-11-30,278147.98713863874,50738.35211261117,
2016-12-01,283235.50905125355,50626.362194467336,
2016-12-02,280665.90389949444,50547.75647093454,
2016-12-05,283371.6985535255,50738.1036362087,
2016-12-06,283184.7100741145,50623.99676713618,
2016-12-07,280784.9276950995,49981.8996317648,
2016-12-08,280547.5822398951,49759.42415644059,
2016-12-09,278748.5540967538,49723.12609593249,
2016-12-12,278748.5540967538,49382.1141149275,
2016-12-13,279230.8410326409,49125.70663714344,
2016-12-14,281690.88540821674,48565.263225245704,
2016-12-15,282583.5091209155,48602.03356166148,
2016-12-16,281753.59690942476,48243.78871596288,
2016-12-19,281475.4324848649,48271.25365004407,
2016-12-20,280545.18494552595,48080.571030464154,
2016-12-21,280939.4251856896,48062.25984347059,
2016-12-22,281909.06363829784,47980.464835934625,
2016-12-23,281204.52628692193,48126.45449294811,
2016-12-27,281569.4259606949,48072.24530591177,
2016-12-28,278566.8053547255,48471.54410461728,
2016-12-29,278276.5246448668,48438.492720185764,
2016-12-30,277127.3701830227,48436.966154318456,
2017-01-03,281864.33311839565,48572.53402212419,225.24
2017-01-04,293282.84594935627,48809.457904302355,226.58
2017-01-05,298507.10590894433,48498.37645001285,226.4
2017-01-06,299673.0800233739,48178.98100466156,227.21
2017-01-09,301277.59349272505,48013.893859490694,226.46
2017-01-10,295546.205301385,47761.921548866245,226.46
2017-01-11,296604.11036885786,47513.188265075805,227.1
2017-01-12,296746.1495098149,47386.92580792273,226.53
2017-01-13,296853.30257020786,47438.913633457516,227.05
2017-01-17,297548.5763202077,47316.913302469955,226.25
2017-01-18,295114.4215185435,47289.1951124722,226.75
2017-01-19,295750.6595528127,47289.1951124722,225.91
2017-01-20,297016.6792747243,47087.558884638274,226.74
2017-01-23,296152.68291895767,47059.4693118552,226.15
2017-01-24,291551.2746843349,46786.77493298725,227.6
2017-01-25,288586.31008665456,46329.77039323381,229.57
2017-01-26,295367.69303234015,45992.98643684886,229.33
2017-01-27,292649.8698852197,45664.33658593594,228.97
2017-01-30,288868.9771550426,46063.995230145476,227.55
2017-01-31,289845.9252995408,46041.572656134995,227.53
2017-02-01,288948.2817454626,46187.12477411811,227.62
2017-02-02,289852.16450912156,46141.547807078015,227.77
2017-02-03,287451.40573126817,47043.17341279202,229.34
2017-02-06,289396.7938961216,46936.27984113332,228.93
2017-02-07,285632.2153425992,46811.94370864357,228.94
2017-02-08,284258.267501715,46506.69812880557,229.24
2017-02-09,284136.82521601405,46718.10444580728,230.6
2017-02-10,283152.06044790475,47184.808507757305,231.51
2017-02-13,283309.58309587615,46857.99892466918,232.77
2017-02-14,282094.71728832234,46703.03172807991,233.7
2017-02-15,281877.88071314857,46544.4514076214,234.92
2017-02-16,281796.65626597067,46479.88430887241,234.72
2017-02-17,280929.51517612435,46477.40780388989,235.09
2017-02-21,280980.64218456845,46482.53203742119,236.49
2017-02-22,280699.4265751017,46485.4276367025,236.28
2017-02-23,282577.78812521393,46831.38542051981,236.44
2017-02-24,280614.14465082064,46701.18771261342,236.74
2017-02-27,283815.6712146342,46803.97291902137,237.11
2017-02-28,284173.0815392189,46802.762698147715,236.47
2017-03-01,284955.6804375558,46611.16075049012,239.78
2017-03-02,283854.79519033193,45975.524380921204,238.27
2017-03-03,282888.87726464955,46082.227502349495,238.42
2017-03-06,283294.56725122896,45977.09253921121,237.71
2017-03-07,283832.66121427156,45955.92081381166,237.0
2017-03-08,284944.10214188806,45909.7758510205,236.56
2017-03-09,286753.8284207843,45873.701246808836,236.86
2017-03-10,286383.32242447266,45829.7228013697,237.69
2017-03-13,286515.3088939475,45854.05162050408,237.81
2017-03-14,286310.5385506766,45824.41836061658,236.9
2017-03-15,286888.7945383497,46013.95731173636,238.95
2017-03-16,287780.55592114327,45912.744292379444,238.48
2017-03-17,284779.97540584655,45923.35590387267,237.03
2017-03-20,284003.35906883545,46035.21575518036,236.77
2017-03-21,274860.1295143709,46366.26465422906,233.73
2017-03-22,274173.5376563474,46382.50866817065,234.28
2017-03-23,274346.8046207179,46467.52087252526,234.03
2017-03-24,272874.6443176622,46630.11085815007,233.86
2017-03-27,272379.18707159994,46518.385660964705,233.62
2017-03-28,270603.9836452351,46820.61553786168,235.32
2017-03-29,270915.1258692943,46820.311521462856,235.54
2017-03-30,270427.63258337264,46862.78564175085,236.29
2017-03-31,271045.7984491611,46810.05042013535,235.74
2017-04-03,270886.111984859,46926.06248427968,235.33
2017-04-04,271158.91561576794,46581.72915720766,235.48
2017-04-05,270327.0112353668,46589.12374319742,234.78
2017-04-06,270496.4198838953,46592.50820133019,235.44
2017-04-07,269481.49416639394,46578.88501377183,235.2
2017-04-10,269535.95637347014,46865.32854619592,235.34
2017-04-11,269524.8364658401,46866.85578922067,235.06
2017-04-12,269566.28806830896,47327.29356398207,234.03
2017-04-13,269571.4378768377,47643.388319465834,232.51
2017-04-17,272642.39669154654,47710.77482121661,234.57
2017-04-18,273027.2046102792,47583.10258125568,233.87
2017-04-19,271933.1642289955,47562.48335916188,233.44
2017-04-20,272903.0250191834,47655.467735307466,235.34
2017-04-21,271861.5384097997,47683.087353625306,234.59
2017-04-24,273429.67757121153,47667.14951532967,237.17
2017-04-25,274009.80512339214,49021.85965577648,238.55
2017-04-26,274078.83202183055,49016.34048353194,238.4
2017-04-27,273450.8394081164,48673.13902527711,238.6
2017-04-28,273622.8248702615,48713.27604095686,238.08
2017-05-01,272789.13258536125,48691.82505474727,238.68
2017-05-02,277387.41518905386,48706.98072449815,238.77
2017-05-03,274741.12225187616,48614.449614603815,238.48
2017-05-04,276014.9340023869,48151.81598993461,238.76
2017-05-05,277894.1667485417,48192.87781690239,239.7
2017-05-08,277632.2964033541,48255.305849771,239.66
2017-05-09,277825.4902798922,48293.920771485085,239.44
2017-05-10,275789.3542577799,48006.84964477399,239.87
2017-05-11,275512.7472533116,48106.889594086446,239.38
2017-05-12,274452.0516300857,48076.78330637108,238.98
2017-05-15,274012.99028642836,47898.286074725176,240.3
2017-05-16,274834.09885965195,47765.480179693564,240.08
2017-05-17,273546.82783726644,47406.745676086735,235.82
2017-05-18,273258.2750539879,47425.05459832606,236.77
2017-05-19,273793.9045548112,47805.68464277422,238.31
2017-05-22,273356.2661874392,47928.06950284241,239.52
2017-05-23,272564.6197359722,47809.05839239906,240.05
2017-05-24,270893.4358709072,47710.72150667227,240.61
2017-05-25,268459.5608879565,47854.09165242455,241.76
2017-05-26,269355.3673977309,47710.17766153646,241.71
2017-05-30,268238.1543192315,47777.72584700269,241.5
2017-05-31,268025.171247436,47678.474336806896,241.44
2017-06-01,271150.14764844306,47435.72939441343,243.36
2017-06-02,270327.8176720197,47390.90473813107,244.17
2017-06-05,271663.9521141361,47419.21644219141,243.99
2017-06-06,273650.66502019466,47401.27053012073,243.21
2017-06-07,273421.8103833862,47345.41866251299,243.66
2017-06-08,272625.28012789646,47388.444567253944,243.78
2017-06-09,272999.68532405375,47613.598704756754,243.41
2017-06-12,271478.1950576579,47556.98618500784,243.36
2017-06-13,271572.4736161389,47256.86601062659,244.55
2017-06-14,271369.6247216583,47120.52194591935,244.24
2017-06-15,270968.5902125656,47245.299488851015,243.77
2017-06-16,270308.2580372017,47486.70092177925,242.64
2017-06-19,270382.0772908749,47383.88898768628,244.66
2017-06-20,270413.26543270185,47342.754298720065,243.01
2017-06-21,270966.97193373827,46932.56352883945,242.95
2017-06-22,272287.1363334692,46921.458813225574,242.84
2017-06-23,272277.95700105897,46633.92886332528,243.13
2017-06-26,270174.71476473263,46517.45778824299,243.29
2017-06-27,268058.2100208044,46525.626819575016,241.33
2017-06-28,267156.5236116839,46298.19676453869,243.49
2017-06-29,268951.17526044307,46115.54647915748,241.35
2017-06-30,268723.8176649266,46420.723294291805,241.8
2017-07-03,274794.8422064998,46354.08355356462,242.21
2017-07-05,279521.1677126741,46345.855302426855,242.77
2017-07-06,281221.102213815,46729.28225809241,240.55
2017-07-07,281122.83040409745,46907.40914928523,242.11
2017-07-10,280516.7320426848,46872.18566131188,242.37
2017-07-11,281494.8915718001,46781.15457640155,242.19
2017-07-12,281885.3479386881,46973.79693072253,244.01
2017-07-13,282753.6698302159,46785.33019277443,244.42
2017-07-14,284930.0464145228,46526.37763247748,245.56
2017-07-17,283897.72448212904,46534.104409016116,245.53
2017-07-18,284003.67283634504,46374.3818427007,245.66
2017-07-19,285375.8863933857,46387.62925324407,246.99
2017-07-20,283269.833038509,46413.79748674697,247.1
2017-07-21,283561.68377041724,46412.34677981653,246.88
2017-07-24,283375.79340413644,46319.17601102939,246.82
2017-07-25,284555.1819357213,45377.80916137631,247.42
2017-07-26,287384.6201762769,45434.787635262415,247.43
2017-07-27,287025.19629876444,45288.44303781839,247.2
2017-07-28,286835.01032463874,45277.17779076828,246.91
2017-07-31,285705.74864906404,45379.603424670866,246.77
2017-08-01,284122.39281021705,45484.12736226324,247.32
2017-08-02,283111.6329063092,45424.28021115726,247.44
2017-08-03,284103.36035482364,45607.14318493689,246.96
2017-08-04,282533.332749406,45424.54496605825,247.41
2017-08-07,282571.8404497562,45289.09985795142,247.87
2017-08-08,282872.62275808473,45220.14010436227,247.26
2017-08-09,282865.95705064986,45227.05404475912,247.25
2017-08-10,285810.7943875131,44852.923484933504,243.76
2017-08-11,285790.12307766126,44732.37608240591,244.12
2017-08-14,284841.2136841705,44617.84006997307,246.54
2017-08-15,285720.6066711104,44540.029766614134,246.51
2017-08-16,284892.58631980023,44451.20703079978,246.94
2017-08-17,282246.97757997445,44855.16917967151,243.09
2017-08-18,280536.00069810427,44779.76793995731,242.71
2017-08-21,280627.6012353294,44940.35699987467,242.9
2017-08-22,280241.5245891941,44576.635692188225,245.44
2017-08-23,278931.8446978458,44421.112472343164,244.56
2017-08-24,279031.78554981144,44374.241464884806,243.99
2017-08-25,280940.6629203204,44500.057819507114,244.56
2017-08-28,280989.1928374773,44334.164241967024,244.57
2017-08-29,281430.2664508939,44194.243880165974,244.85
2017-08-30,282883.36503062653,44205.18194818958,246.01
2017-08-31,282253.532199333,44410.02212738419,247.49
2017-09-01,284057.88683632354,44290.30299735259,247.84
2017-09-05,284223.28143907787,44413.37588279587,246.06
2017-09-06,282262.8758944517,44506.18796354018,246.9
2017-09-07,280690.70751372527,44923.939910963716,246.87
2017-09-08,279964.06503755297,44755.32131751065,246.58
2017-09-11,280293.65629949863,44910.3167533549,249.21
2017-09-12,276817.3249344883,45190.24843692213,250.05
2017-09-13,276399.95330139395,45100.01206865991,250.17
2017-09-14,274255.33428090287,45126.55007468285,250.09
2017-09-15,274398.62631919165,45249.064759227585,249.19
2017-09-18,274967.32089691854,45595.904035074454,249.72
2017-09-19,275942.24912214524,45642.7533361402,249.97
2017-09-20,276529.9272145914,45725.66440538065,250.06
2017-09-21,275800.746791566,45527.796753780814,249.39
2017-09-22,276667.21475532296,45611.14415116853,249.44
2017-09-25,279092.44393013825,45743.88215898826,248.93
2017-09-26,279221.3187237483,45815.3045725466,249.08
2017-09-27,278978.76958110183,45965.15401762463,250.05
2017-09-28,278611.21654015046,46172.6341584806,250.35
2017-09-29,278368.1124610732,46282.59920687084,251.23
2017-10-02,280118.60949463805,45996.37520312971,252.32
2017-10-03,280978.94087379245,46224.25820914148,252.86
2017-10-04,280767.6883302197,46447.95476422888,253.16
2017-10-05,280278.89592041366,46504.19225931799,254.66
2017-10-06,279440.61067931016,46569.91856907833,254.37
2017-10-09,278775.7219201575,46595.441064742256,253.95
2017-10-10,278437.2278332661,46234.92353629149,254.62
2017-10-11,278127.3682471438,46402.816637358665,255.02
2017-10-12,277292.03814791504,46082.61969873177,254.64
2017-10-13,277183.1579883076,45926.61657507065,254.95
2017-10-16,275901.71234940045,45633.17274377073,255.29
2017-10-17,279018.7143499909,45589.01686867029,255.47
2017-10-18,278639.81496321183,45319.04128628127,255.72
2017-10-19,278720.6894805703,45403.0922258114,255.79
2017-10-20,279017.52562943206,45399.10515969337,257.11
2017-10-23,278199.3681153627,45423.639860136485,256.11
2017-10-24,280145.6776188504,44453.013578681275,256.56
2017-10-25,282110.80713037425,44208.179647040655,255.29
2017-10-26,285080.9410625509,44311.86099306275,255.62
2017-10-27,286295.4536052949,44221.976767881475,257.71
2017-10-30,285483.3173425597,44123.91261877787,256.75
2017-10-31,283579.1867467425,44118.14855875486,257.15
2017-11-01,285268.05545176246,43755.2055445249,257.49
2017-11-02,284308.9104085686,43787.27314236599,257.59
2017-11-03,283851.6459550023,43757.28027147406,258.45
2017-11-06,283617.3671656938,43822.908625900425,258.85
2017-11-07,285984.5590680641,43902.5843055794,258.67
2017-11-08,284736.1845191161,43679.14961804446,259.11
2017-11-09,284729.619093185,43405.46126532608,258.17
2017-11-10,283676.92641358287,43565.67042881514,258.09
2017-11-13,283436.67860630096,43607.58962303133,258.33
2017-11-14,283694.5937008119,43796.83496422312,257.73
2017-11-15,284755.47543519625,44435.235417345364,256.44
2017-11-16,286197.46056379227,44323.11862118563,258.62
2017-11-17,286197.46056379227,44339.58283886054,257.86
2017-11-20,287749.9687519742,44376.23096275886,258.3
2017-11-21,287874.4109616262,44528.357918132,259.99
2017-11-22,288217.9887587281,44476.53998577024,259.76
2017-11-24,288316.3273490219,44725.36241343532,260.36
2017-11-27,287739.7287272782,44779.68976754378,260.23
2017-11-28,286736.72088747093,44719.91303264921,262.87
2017-11-29,284813.52893213206,44541.74173990799,262.71
2017-11-30,283283.47620649735,44139.76297817842,265.01
2017-12-01,283931.525320321,43886.50697388316,264.46
2017-12-04,284104.45153530175,43364.280983307224,264.14
2017-12-05,287187.3264929248,43542.25583791865,263.19
2017-12-06,288956.2527005626,43833.948071340594,263.24
2017-12-07,290578.03375362564,43299.44910585066,264.07
2017-12-08,290280.76379334606,43292.23418834478,265.51
2017-12-11,290692.04456775286,43427.14409306747,266.31
2017-12-12,291073.42132411036,43595.422658923344,266.78
2017-12-13,290823.3003607091,44202.72757414068,266.75
2017-12-14,293513.0320292815,44515.808990193225,265.66
2017-12-15,293408.4972003608,44696.75633120417,266.51
2017-12-18,291166.48982406745,44307.33743323584,268.2
2017-12-19,292299.23204164504,44271.62562656152,267.17
2017-12-20,292267.09144360997,44158.54032640671,267.03
2017-12-21,293909.70117014187,44055.34136491054,267.58
2017-12-22,293658.4962324048,43934.58519507271,267.51
2017-12-26,293671.6308224352,43804.521535438784,267.19
2017-12-27,293587.7909046834,43980.57211422316,267.32
2017-12-28,292201.3635785419,44147.05061592294,267.87
2017-12-29,291933.1844291127,44076.504269069796,266.86
2018-01-02,295717.93314022414,44004.07750069636,268.77
2018-01-03,293811.27049355104,43957.93924143629,270.47
2018-01-04,294329.9134494047,43996.77642112304,271.61
2018-01-05,296562.5334906931,43989.004372277916,273.42
2018-01-08,296915.96061814006,43661.92988194858,273.92
2018-01-09,296706.9045161242,43639.872427854825,274.54
2018-01-10,298465.28519187233,43622.851118440034,274.12
2018-01-11,294988.464650664,43227.75615331868,276.12
2018-01-12,295271.9505110126,43304.78939747729,277.92
2018-01-16,293967.6459588449,43361.12566007125,276.97
2018-01-17,305999.88960115187,43098.26155837692,279.61
2018-01-18,304303.8761741054,43269.97081115701,279.14
2018-01-19,303296.24188748904,43401.76384947459,280.41
2018-01-22,302700.80733545485,43572.80910084233,282.69
2018-01-23,303766.47620471916,43488.07254529656,283.29
2018-01-24,305144.6928771153,43523.12188789408,283.18
2018-01-25,310639.3026016661,43614.36939459723,283.3
2018-01-26,308917.90618000884,43658.6758622708,286.58
2018-01-29,308862.48729755403,44115.1793951239,284.68
2018-01-30,309913.35044623754,44077.554442808905,281.76
2018-01-31,308955.65764619136,44200.96484329724,281.9
2018-02-01,309829.25739811774,44469.12588360989,281.58
2018-02-02,309917.9459709811,44959.635477293035,275.45
2018-02-05,306026.60603624105,44959.635477293035,263.93
2018-02-06,304520.58218623744,44106.459197997596,269.13
2018-02-07,303371.45347096137,44164.39640470324,267.67
2018-02-08,301629.5419414414,44253.184821963325,257.63
2018-02-09,299532.7509434178,43616.749295573725,261.5
2018-02-12,299802.6154092157,42899.76991746658,265.34
2018-02-13,301130.4329946523,42926.14086565548,266.0
2018-02-14,299374.1763651278,42307.17357551406,269.59
2018-02-15,299143.08236644085,42370.06086791668,273.03
2018-02-16,302943.7068830922,42364.97241586924,273.11
2018-02-20,302454.0197486938,42384.70029618785,271.4
2018-02-21,302599.22994282044,42379.16324721654,270.05
2018-02-22,303224.20920271415,42676.49001310223,270.4
2018-02-23,304219.2912045843,43255.097540743736,274.71
2018-02-26,305406.6428536812,42910.11397571345,277.9
2018-02-27,309610.7032310517,42621.15956391189,274.43
2018-02-28,311116.32274112705,42877.1145213984,271.65
2018-03-01,306948.83571380697,43150.667021646324,267.7
2018-03-02,304595.3118347075,42919.59589377901,269.08
2018-03-05,304595.3118347075,42598.068612874005,272.19
2018-03-06,304888.1256358066,42954.96064769306,272.88
2018-03-07,305254.4750529009,42747.353456237855,272.78
2018-03-08,305102.4660257973,42568.45579450995,274.1
2018-03-09,304554.2090691112,42251.25369648662,278.87
2018-03-12,305188.12591797946,42525.62264755512,278.52
2018-03-13,304036.36770594446,42606.63637990842,276.72
2018-03-14,308603.6957199547,42576.783464244436,275.3
2018-03-15,309030.3490611547,42595.65095843545,275.0
2018-03-16,310542.7157405303,42453.58506572743,274.2
2018-03-19,312847.00091500237,42759.15469092301,270.49
2018-03-20,312602.29932673275,42455.5072658555,270.95
2018-03-21,314055.7203175158,42584.979741528026,270.43
2018-03-22,321791.82339056744,41840.73880018797,263.67
2018-03-23,315682.79762053455,42183.708968374085,258.05
2018-03-26,319549.63130858645,43242.082545576566,265.11
2018-03-27,316874.2631517857,43600.00111717116,260.6
2018-03-28,316867.07121724635,44025.240600857825,259.83
2018-03-29,313133.9560977615,44276.27232653972,263.15
2018-04-02,314437.37628682173,44598.93361006802,257.47
2018-04-03,316912.2203927119,44609.70648907982,260.77
2018-04-04,318983.55458086263,44496.10163351137,263.56
2018-04-05,319353.7381524074,44400.6594178297,265.64
2018-04-06,323142.4614368448,43288.78789114088,259.72
2018-04-09,323437.6430281054,43287.48518136434,261.0
2018-04-10,324644.7184576999,43827.58718606471,265.15
2018-04-11,324224.82983890595,44102.76164090109,263.76
2018-04-12,322401.7739802633,43905.20308661327,265.93
2018-04-13,322746.9097111041,43979.59009337276,265.15
2018-04-16,322059.55018507026,43861.824038928266,267.33
2018-04-17,321957.15245552355,44253.46635768583,270.19
2018-04-18,322422.4642758235,44238.963152286386,270.39
2018-04-19,330404.1332469039,43937.06712400449,268.89
2018-04-20,327502.83255261206,44077.60911442882,266.61
2018-04-23,331104.078112724,43894.48924510361,266.57
2018-04-24,331520.66677963856,43896.18026390096,262.98
2018-04-25,331355.5219729659,44007.13433637799,263.63
2018-04-26,331429.71266419964,44742.2046853781,266.31
2018-04-27,330200.6936783998,44632.94872550025,266.56
2018-04-30,332744.97115722345,44489.83324126937,264.51
2018-05-01,332309.44528957887,44478.734971574915,264.98
2018-05-02,330795.4102302414,44435.39015807136,263.2
2018-05-03,330208.7399957265,44428.7690901873,262.62
2018-05-04,329094.9401208182,43976.352468986515,266.02
2018-05-07,330887.55439678207,43671.04353533652,266.92
2018-05-08,332148.63813122694,43902.01805751263,266.92
2018-05-09,336302.4445342317,43551.34972145671,269.5
2018-05-10,341272.417749116,43482.73529442697,272.02
2018-05-11,341473.8929238992,43622.293482691406,272.85
2018-05-14,342281.8724524827,43642.30396654713,272.98
2018-05-15,342199.9861316306,43403.917992083305,271.1
2018-05-16,341891.1686912973,43399.23964354763,272.24
2018-05-17,340684.6340972086,43366.49383600601,272.01
2018-05-18,342516.0441275954,43096.226254644636,271.33
2018-05-21,347269.47573319037,43523.13964456339,273.37
2018-05-22,346511.11738792085,43790.644972111404,272.61
2018-05-23,346417.47564869974,43693.02650676346,273.36
2018-05-24,349973.5810628838,43738.943178532776,272.8
2018-05-25,350467.154277383,43998.5021583617,272.15
2018-05-29,350269.83577503194,44019.46430055512,269.02
2018-05-30,347351.5785204559,43919.6309182479,272.61
2018-05-31,356857.96296426404,43468.937325448765,270.94
2018-06-01,361247.4451396038,43639.281948232914,273.6
2018-06-04,360887.0203133415,43237.25071459438,274.9
2018-06-05,360209.38283196115,43193.1813883736,275.1
2018-06-06,362470.97535863676,43953.39772105128,277.4
2018-06-07,361470.60011892545,44554.61806588464,277.37
2018-06-08,362033.5085916269,44788.867892980525,278.19
2018-06-11,362894.02531187166,44648.812077866576,278.56
2018-06-12,362901.2538991482,44598.51051913694,278.92
2018-06-13,362835.2313080466,44409.51540451816,278.03
2018-06-14,362914.532391959,44809.633648865034,278.73
2018-06-15,361265.76054257614,44843.0694593944,277.13
2018-06-18,359417.3381440847,45125.39619721409,276.56
2018-06-19,359467.5882756581,45713.170484149516,275.5
2018-06-20,358845.67826731526,45787.316994059714,275.97
2018-06-21,359171.3245006456,46030.55484953232,274.24
2018-06-22,359362.8501009487,46086.73902729006,274.74
2018-06-25,357765.1649209382,47191.162421987094,271.0
2018-06-26,357687.4670587528,47256.83730594065,271.6
2018-06-27,357687.4670587528,47186.954769253425,269.35
2018-06-28,354552.0912184133,47142.04779385852,270.89
2018-06-29,352392.7296818986,47067.3640085924,271.28
2018-07-02,352437.25172966276,47083.53678949901,271.86
2018-07-03,351265.3870521975,47247.39783403097,270.9
2018-07-05,352969.2058889264,47303.708866607696,273.11
2018-07-06,352227.1074391857,47340.79635226632,275.42
2018-07-09,351053.7029944439,47857.34026555033,277.9
2018-07-10,350358.8123984838,47877.51467887198,278.9
2018-07-11,353830.41989363765,47650.16067547587,276.86
2018-07-12,353261.7214612012,48208.907511039084,279.37
2018-07-13,352892.59608393983,48326.84448135624,279.59
2018-07-16,349264.9779961215,48097.492152434505,279.34
2018-07-17,350207.81377648655,48332.98775941769,280.47
2018-07-18,351057.72370386333,47926.48942072996,281.06
2018-07-19,349848.426759564,48068.13971150774,280.0
2018-07-20,343797.8177057467,47767.774922236764,279.68
2018-07-23,344077.8633369417,47525.61515111809,280.2
2018-07-24,341882.4350756492,47794.89472470802,281.61
2018-07-25,341940.3197804475,48137.71017564551,284.01
2018-07-26,354928.7766687697,48245.361775146535,283.34
2018-07-27,355777.5170008313,48516.8099684832,281.42
2018-07-30,359861.5871426759,47999.72226452615,279.95
2018-07-31,358698.05188427365,47522.30346614814,281.33
2018-08-01,360178.36619230796,47617.85411644524,280.86
2018-08-02,361707.04694849416,47534.734041984644,282.39
2018-08-03,359079.9126769367,47719.252748118706,283.6
2018-08-06,359353.92213327106,47594.13766974263,284.64
2018-08-07,360214.67957002384,47582.053159285824,285.58
2018-08-08,359713.3779892675,47527.193419432195,285.46
2018-08-09,362787.6891356817,47472.7458050215,285.07
2018-08-10,365963.9157426278,47482.27303372884,283.16
2018-08-13,359064.72989318403,47565.31405935383,282.1
2018-08-14,358965.9757111061,47571.549367066225,283.9
2018-08-15,358403.3366285859,47257.4444397575,281.78
2018-08-16,359867.75714409316,47200.284983584774,284.06
2018-08-17,359599.16191147,46861.635372460136,285.06
2018-08-20,364002.83160003787,46891.17047545002,285.67
2018-08-21,360577.06974421017,46925.529091354736,286.34
2018-08-22,364768.9386156525,46973.63193064456,286.17
2018-08-23,363901.5877781763,47358.16649071415,285.79
2018-08-24,362561.3385942202,47200.927580393385,287.51
2018-08-27,358901.3840886982,46939.41967516069,289.78
2018-08-28,357655.6790121634,46885.53872640511,289.92
2018-08-29,357868.669886546,46881.47436586535,291.48
2018-08-30,350212.2998328295,46595.211863572906,290.3
2018-08-31,354362.9034482242,46525.60516328537,290.31
2018-09-04,354334.5711694985,46709.30835756764,289.81
2018-09-05,353211.3421856387,47391.1155147096,289.03
2018-09-06,353228.76292794815,47705.812919241434,288.16
2018-09-07,348503.37616380356,47678.67693354978,287.6
2018-09-10,348231.99943997024,47637.73013056937,288.1
2018-09-11,350010.4818013862,47435.85699431606,289.05
2018-09-12,349420.20365671965,47625.81183755885,289.12
2018-09-13,348810.615744437,47311.81291263513,290.83
2018-09-14,347131.86466715205,47462.19333667273,290.88
2018-09-17,349571.7106440712,47271.20902988406,289.34
2018-09-18,349622.82721536147,47308.81718728722,290.91
2018-09-19,348395.18880053016,47705.637961790366,291.22
2018-09-20,349839.99856720143,47487.971723644805,293.58
2018-09-21,351376.7972052231,47401.45152412264,291.99
2018-09-24,358347.07858357986,47398.8249103415,291.02
2018-09-25,361143.12280181656,47323.95952014686,290.75
2018-09-26,364665.55600485555,47364.06186607246,289.88
2018-09-27,365337.2688373421,47202.29687907716,290.69
2018-09-28,365829.3201889533,47198.164383448835,290.72
2018-10-01,367350.9125439146,47206.020365255805,291.73
2018-10-02,363660.5741156588,47225.58238807341,291.56
2018-10-03,361125.31640919775,46849.77287564447,291.72
2018-10-04,360843.2499430787,46992.56623911359,289.44
2018-10-05,361480.57641147525,47313.742566404486,287.82
2018-10-08,361599.00329261855,47764.07877773924,287.82
2018-10-09,374087.7394948954,48045.26138192116,287.4
2018-10-10,377883.60023705673,48223.08378649117,278.3
2018-10-11,377529.718073211,48156.874738872706,272.17
2018-10-12,376444.0747668892,47024.73194542233,275.95
2018-10-15,380950.13296326995,46920.216839377244,274.4
2018-10-16,381124.76338727574,47943.13662304677,280.4
2018-10-17,381841.1886337883,48321.14196220286,280.45
2018-10-18,385788.6611818685,49417.27557759676,276.4
2018-10-19,384232.6907671045,50092.934087697344,276.25
2018-10-22,381092.58280238707,50050.457443671105,275.01
2018-10-23,380547.0423982254,48599.423675241946,273.61
2018-10-24,378077.8117107273,49734.535903253505,265.32
2018-10-25,354448.8611374576,49333.32584018948,270.08
2018-10-26,352460.4811549616,49330.13719750255,265.33
2018-10-29,358443.4905117869,49170.50164389632,263.86
2018-10-30,363916.2412224654,49152.80353782138,267.77
2018-10-31,364894.03058489866,48818.906308928024,270.63
2018-11-01,371240.41315921326,48727.012932221915,273.51
2018-11-02,367544.88099332125,48636.72074613663,271.89
2018-11-05,371489.0605259815,48672.311560678965,273.39
2018-11-06,370030.2731003227,48311.1240793276,275.12
2018-11-07,370974.6695309621,47051.96292490435,281.01
2018-11-08,368217.9008681454,47473.20357402466,280.5
2018-11-09,366488.05508261116,48058.914144978866,277.76
2018-11-12,365960.4553773692,48607.37767630843,272.57
2018-11-13,365833.2407914853,48713.908188142705,272.06
2018-11-14,366089.34418659273,48826.786721748744,270.2
2018-11-15,364493.65533493017,49208.13272785683,273.02
2018-11-16,370888.65304218995,49524.70093906431,273.73
2018-11-19,377104.9064703433,48724.30817177216,269.1
2018-11-20,379607.2603031454,49036.75129720074,264.12
2018-11-21,380829.4192890065,49033.08796800836,265.02
2018-11-23,380726.12517203065,49008.9988221754,263.25
2018-11-26,383922.5222252433,49758.055219823895,267.5
2018-11-27,383803.90950207936,49744.936566352815,268.4
2018-11-28,381996.05552056734,50496.48944226896,274.58
2018-11-29,381936.9510531081,50846.97346217848,273.98
2018-11-30,380620.8907447483,51306.49688324773,275.65
2018-12-03,379773.74995898124,51461.95117330304,279.3
2018-12-04,392007.7393790111,50573.16817035229,270.25
2018-12-06,393903.09909915144,50235.883398695936,269.84
2018-12-07,386720.64131768496,50452.43425133451,263.57
2018-12-10,387361.1850950334,50464.331543880704,264.07
2018-12-11,388043.3994689466,50604.24715482426,264.13
2018-12-12,384817.466748292,50466.30302398071,265.46
2018-12-13,382006.32318782655,50487.70385562739,265.37
2018-12-14,381998.28883263946,50135.74309728169,260.47
2018-12-17,381506.70790996274,50005.08273012103,255.36
2018-12-18,383173.5136032418,49900.96323059813,255.08
2018-12-19,382774.55804260925,49487.139242993624,251.26
2018-12-20,384472.8080132699,49689.15298595621,247.17
2018-12-21,388108.85021106334,49142.875017617844,240.7
2018-12-24,388771.6798579494,48916.16953089239,234.34
2018-12-26,396377.12089284504,50185.722345505084,246.18
2018-12-27,394721.9908934998,50114.183014677146,248.07
2018-12-28,395687.3220700813,49950.7254521635,247.75
2018-12-31,402050.9122161521,49795.79668859708,249.92
2019-01-02,410453.41269454104,49700.68722345566,250.18
2019-01-03,409970.13821137033,49859.619944031394,244.21
2019-01-04,416394.76360550086,49142.14007331168,252.39
2019-01-07,421298.7754233071,48837.85969017452,254.38
2019-01-08,422317.10507450456,49059.64365701563,256.77
2019-01-09,409651.0340732862,49036.350283055464,257.97
2019-01-10,411969.900203369,49038.57868660314,258.88
2019-01-11,407177.66695006733,49080.982368866535,258.98
2019-01-14,412575.98253378907,49080.982368866535,257.4
2019-01-15,407797.14017179364,49105.97281724186,260.35
2019-01-16,425791.50465870404,48942.61866401434,260.98
2019-01-17,424002.4652309513,49129.357165452195,262.96
2019-01-18,425464.29977380903,49830.66366839449,266.46
2019-01-22,425257.3342801349,49832.139540287135,262.86
2019-01-23,424205.17755819403,49866.10431730042,263.41
2019-01-24,423309.9523555004,49705.29159878038,263.55
2019-01-25,413494.10654249054,49387.414473708595,265.78
2019-01-28,406866.28893671883,50714.585108553554,263.76
2019-01-29,401834.06447272014,50184.97333246775,263.41
2019-01-30,402885.57175442204,50075.662920042945,267.58
2019-01-31,400440.64517270157,50231.44084596527,269.93
2019-02-01,400431.8501112758,49568.987531891085,270.06
2019-02-04,400110.72657974705,49358.65413225849,271.96
2019-02-05,400965.4493069111,49081.332509369066,273.1
2019-02-06,399098.12793534895,49295.56223057609,272.74
2019-02-07,414906.16674665187,49202.14422712925,270.14
2019-02-08,412151.7927489011,49246.833252192555,270.47
2019-02-11,410254.0080529176,49096.35287801573,270.62
2019-02-12,404191.1119312604,49019.56427755012,274.1
2019-02-13,402748.4608261876,48908.861518797145,274.99
2019-02-14,402408.37470018177,48999.64035453712,274.38
2019-02-15,402818.24184806197,49373.53229853622,277.37
2019-02-19,394267.1020660142,49356.89554995405,277.85
2019-02-20,399097.5037343374,49545.09773401365,278.41
2019-02-21,391729.6012478221,49708.72345210311,277.42
2019-02-22,391002.00238111266,49739.70326628845,279.14
2019-02-25,389218.27708733117,49748.527776106836,279.52
2019-02-26,392241.0796694302,49691.85170665456,279.32
2019-02-27,394971.08757585526,49731.85091400513,279.2
2019-02-28,396174.42131279013,49409.5561849084,278.68
2019-03-01,397023.1494633606,49434.70595800953,280.42
2019-03-04,397311.46565035434,49261.94892956348,279.4
2019-03-05,397478.30615707126,49126.783865176214,279.02
2019-03-06,392676.1196880034,48571.860763138386,277.33
2019-03-07,395365.0012561126,49220.19055941936,275.01
2019-03-08,397656.19027104974,49008.671306926655,274.46
2019-03-11,399269.9996700675,48872.470106576926,278.44
2019-03-12,397975.28360604553,49143.49228486622,279.49
2019-03-13,399216.3739649649,48951.6431847342,281.34
2019-03-14,397605.9866142016,48790.86468906954,281.16
2019-03-15,397525.04863862763,48496.85823358893,281.31
2019-03-18,393544.27261173486,48713.1767299412,282.33
2019-03-19,398209.47575880436,48629.11952000249,282.4
2019-03-20,401333.55248999596,48817.930664530606,281.55
2019-03-21,401941.7775656433,48635.21187001461,284.73
2019-03-22,394788.841743444,47841.5599241005,279.25
2019-03-25,393807.39747140196,47469.72061758743,279.04
2019-03-26,386050.07848097075,47469.72061758743,281.12
2019-03-27,381405.34749938064,47516.51018440134,279.65
2019-03-28,381394.4172437369,47775.486583323975,280.71
2019-03-29,381931.76522184367,48399.3039966254,282.48
2019-04-01,387122.6483452377,49212.66315315783,285.83
2019-04-02,387918.176878932,49232.38687961746,285.97
2019-04-03,389235.1631176019,49126.80188711081,286.42
2019-04-04,384641.29375010054,49061.105742958185,287.18
2019-04-05,384052.5058023277,49062.43806580767,288.57
2019-04-08,384117.5844613288,49048.85720681047,288.79
2019-04-09,383807.0695345822,48906.18600999912,287.31
2019-04-10,379278.92293057573,49123.49691479292,288.29
2019-04-11,381105.52359316655,48912.72609265889,288.21
2019-04-12,379071.7840266417,48324.31840303276,290.16
2019-04-15,382248.20571721124,48352.289388087374,289.97
2019-04-16,381758.81423260155,48036.05265652169,290.16
2019-04-17,377932.98711624887,48277.622316717956,289.45
2019-04-18,378611.8690581216,48194.775560038746,290.02
2019-04-22,379977.4248861958,48127.444082766444,290.27
2019-04-23,380004.21848638565,48255.06370804334,292.88
2019-04-24,381459.26606066455,48262.72786096621,292.23
2019-04-25,385654.95845439855,47846.62896173796,292.05
2019-04-26,358489.4986248616,46740.10958972766,293.41
2019-04-29,359792.0621806164,46820.0119859922,293.87
2019-04-30,359008.2918865729,46714.54498987211,294.02
2019-05-01,362413.97444652754,46696.86942999847,291.81
2019-05-02,362979.1522641302,46066.83104339485,291.18
2019-05-03,363924.2115077338,45536.12308510109,294.03
2019-05-06,364265.2070965392,45142.65127154076,292.82
2019-05-07,366379.15470551216,45737.36959440141,287.93
2019-05-08,365995.04341262917,45877.68328300567,287.53
2019-05-09,361205.1136272567,46030.03737878355,286.66
2019-05-10,366044.8692758133,45899.576789643754,288.1
2019-05-13,375323.73368902854,46512.65068506709,280.86
2019-05-14,375703.2199329651,46709.74482882458,283.4
2019-05-15,374961.3796992549,46710.85291043193,285.06
2019-05-16,375450.4660328828,47009.89418225698,287.7
2019-05-17,372694.476569987,47142.96737590897,285.84
2019-05-20,372783.55320678756,47026.83331543789,283.95
2019-05-21,371986.3219473673,46574.13708883936,286.51
2019-05-22,372269.98760331183,46760.42371791089,285.63
2019-05-23,371198.0896663421,46984.584604987474,282.14
2019-05-24,371048.31323671015,46964.04782482837,282.78
2019-05-28,370287.39733861515,47220.19870284884,280.15
2019-05-29,368117.7763703444,47582.91218931877,278.27
